CD_SETOR;V01317;V01318;V01319;V01320;V01321;V01322;V01323;V01324;V01325;V01326;V01327;V01328;V01329;V01330;V01331;V01332;V01333;V01334;V01335;V01336;V01337;V01338;V01339;V01340;V01341;V01342;V01343;V01344;V01345;V01346;V01347;V01348;V01349;V01350;V01351;V01352;V01353;V01354;V01355;V01356;V01357;V01358;V01359;V01360;V01361;V01362;V01363;V01364;V01365;V01366;V01367;V01368;V01369;V01370;V01371;V01372;V01373;V01374;V01375;V01376;V01377;V01378;V01379;V01380;V01381;V01382;V01383;V01384;V01385;V01386;V01387;V01388;V01389;V01390;V01391;V01392;V01393;V01394;V01395;V01396;V01397;V01398;V01399;V01400;V01401;V01402;V01403;V01404;V01405;V01406;V01407;V01408;V01409;V01410;V01411;CD_MUN
230280005000001;83;11;0;126;0;38;7;0;52;0;45;4;0;74;0;37;5;0;52;0;17;20;3;X;0;0;24;28;0;0;0;X;7;10;19;0;0;X;X;X;0;0;0;0;0;0;X;4;21;25;0;0;0;0;0;11;0;0;11;0;11;3;0;30;0;30;6;0;51;0;31;X;0;34;0;4;0;0;5;0;34;7;0;47;0;4;0;0;5;0;41;4;0;69;0;2302800
230280005000002;125;18;4;170;X;48;10;0;65;X;77;8;4;105;X;40;5;3;61;X;13;27;X;3;0;3;17;44;0;X;0;0;X;15;24;0;0;X;X;X;0;0;0;0;3;0;4;5;27;25;0;0;0;X;0;6;X;0;20;0;28;6;0;34;0;43;6;0;64;X;48;4;4;52;X;X;X;0;5;0;46;9;0;60;X;3;X;0;4;0;74;7;4;101;X;2302800
230280005000004;136;64;0;193;0;61;30;0;83;0;75;34;0;110;0;58;27;0;85;0;29;29;14;13;0;0;32;53;0;0;0;4;12;19;23;0;X;4;6;15;0;0;0;0;0;X;10;33;23;17;0;0;0;0;0;30;5;0;33;0;32;9;0;70;0;42;29;0;69;0;32;21;0;21;0;8;X;0;7;0;53;29;0;76;0;14;X;0;6;0;61;32;0;104;0;2302800
230280005000005;212;27;0;439;0;89;16;0;191;0;123;11;0;248;0;63;14;0;185;0;24;39;9;5;0;0;68;117;0;0;0;X;6;26;29;0;X;X;6;6;0;0;0;0;0;0;10;34;68;73;0;0;0;0;0;42;X;0;61;0;50;7;0;92;0;78;11;0;180;0;42;8;0;106;0;10;X;0;17;0;79;15;0;174;0;13;0;0;21;0;110;11;0;227;0;2302800
230280005000006;187;27;0;459;0;84;15;0;217;0;103;12;0;242;0;57;12;0;163;0;26;31;6;6;0;0;70;93;0;0;0;4;13;20;20;0;X;X;8;X;0;0;0;0;0;0;9;34;72;48;0;0;0;0;0;42;X;0;86;0;42;10;0;113;0;69;15;0;182;0;34;X;0;78;0;21;0;0;27;0;63;15;0;190;0;12;0;0;33;0;91;12;0;209;0;2302800
230280005000007;243;46;X;515;8;124;25;X;231;X;119;21;0;284;6;73;18;0;176;X;37;36;6;12;0;0;68;108;X;X;0;3;14;27;29;0;0;4;9;5;0;0;0;0;0;0;16;41;82;37;0;0;X;X;0;56;4;0;110;X;64;9;0;151;X;78;22;0;200;5;45;11;X;54;X;18;X;0;35;X;106;23;X;196;X;19;X;0;35;0;100;20;0;249;6;2302800
230280005000008;80;20;X;192;0;31;9;0;80;0;49;11;X;112;0;24;8;X;73;0;8;16;6;X;0;X;29;44;0;0;0;X;3;8;12;0;0;X;5;X;0;0;0;0;X;0;X;17;27;28;0;0;0;0;0;10;0;0;35;0;17;8;0;40;0;31;8;0;78;0;22;4;X;39;0;3;0;0;14;0;28;9;0;66;0;X;0;0;11;0;47;11;X;101;0;2302800
230280005000009;245;34;0;430;0;119;21;0;194;0;126;13;0;236;0;71;16;0;173;0;30;41;9;7;0;0;61;112;0;0;X;X;12;31;25;0;X;X;7;6;0;0;0;0;0;0;5;52;67;49;0;0;0;0;0;53;8;0;65;0;55;4;0;97;0;92;13;0;184;0;45;9;0;84;0;25;3;0;23;0;94;18;0;171;0;16;X;0;19;0;110;11;0;217;0;2302800
230280005000010;248;69;0;684;0;117;37;0;333;0;131;32;0;351;0;70;36;0;230;0;19;51;19;17;0;0;69;161;0;0;X;14;21;18;16;X;3;6;20;6;0;0;0;0;0;10;20;93;62;45;0;0;0;0;0;76;5;0;161;0;71;16;0;178;0;79;40;0;253;0;22;8;0;92;0;23;X;0;64;0;94;36;0;269;0;33;X;0;47;0;98;31;0;304;0;2302800
230280005000011;408;130;X;966;0;213;58;0;460;0;195;72;X;506;0;112;51;X;322;0;55;57;18;33;0;X;135;187;0;0;X;6;37;44;24;0;X;12;24;14;0;0;0;0;X;0;18;133;116;55;0;0;0;0;0;122;12;0;241;0;119;31;0;245;0;125;61;0;379;0;42;26;X;101;0;46;5;0;80;0;167;53;0;380;0;43;X;0;76;0;152;71;X;430;0;2302800
230280005000012;257;90;0;766;0;119;54;0;377;0;138;36;0;389;0;72;34;0;259;0;21;51;16;18;0;0;93;166;0;0;0;7;22;29;14;0;3;10;18;3;0;0;0;0;0;X;26;94;74;64;0;0;0;0;0;77;12;0;210;0;69;19;0;206;0;84;48;0;255;0;27;11;0;95;0;31;6;0;71;0;88;48;0;306;0;27;3;0;63;0;111;33;0;326;0;2302800
230280005000013;41;0;0;99;0;22;0;0;60;0;19;0;0;39;0;14;0;0;35;0;8;6;0;0;0;0;20;15;0;0;0;0;3;8;3;0;0;0;0;0;0;0;0;0;0;0;X;12;14;8;0;0;0;0;0;10;0;0;23;0;8;0;0;19;0;18;0;0;44;0;5;0;0;13;0;5;0;0;11;0;17;0;0;49;0;4;0;0;X;0;15;0;0;38;0;2302800
230280005000014;129;7;0;619;0;48;5;0;300;0;81;X;0;319;0;44;3;0;197;0;13;31;X;X;0;0;67;130;0;0;0;3;12;18;11;0;0;X;X;0;0;0;0;0;0;0;11;65;77;44;0;0;0;0;0;26;0;0;134;0;30;X;0;145;0;51;6;0;261;0;22;0;0;79;0;9;0;0;40;0;39;5;0;260;0;9;0;0;45;0;72;X;0;274;0;2302800
230280005000015;206;34;X;514;0;102;23;0;254;0;104;11;X;260;0;52;14;0;192;0;17;35;8;6;0;0;72;120;0;0;0;X;8;32;11;0;X;X;7;4;0;0;0;0;0;0;18;43;78;53;0;0;0;0;0;54;3;0;105;0;60;9;X;130;0;69;18;0;199;0;23;4;0;80;0;21;X;0;37;0;81;22;0;217;0;22;0;0;36;0;82;11;X;224;0;2302800
230280005000017;123;40;0;425;0;48;20;0;215;0;75;20;0;210;0;39;19;0;126;0;12;27;7;12;0;0;52;74;0;0;0;0;11;16;12;0;0;6;5;8;0;0;0;0;0;X;8;49;49;19;0;0;0;0;0;29;X;0;128;0;34;15;0;104;0;44;16;0;158;0;16;8;0;35;0;10;0;0;53;0;38;20;0;162;0;11;0;0;33;0;64;20;0;177;0;2302800
230280005000018;121;46;X;413;0;46;27;0;200;0;75;19;X;213;0;31;17;X;141;0;5;26;7;10;0;X;55;86;0;0;0;3;4;13;11;0;X;X;9;6;0;0;X;0;0;4;12;35;56;34;0;0;0;0;0;30;4;0;87;0;23;9;0;119;0;45;20;X;147;0;23;13;0;60;0;8;3;0;24;0;38;24;0;176;0;13;X;0;29;0;62;18;X;184;0;2302800
230280005000019;158;11;0;343;X;76;5;0;156;X;82;6;0;187;0;51;5;0;126;X;22;29;X;4;0;0;55;71;X;0;0;X;7;22;21;0;0;X;X;X;0;0;0;0;0;0;8;21;58;39;0;0;0;X;0;26;X;0;68;0;36;X;0;80;0;64;3;0;136;X;32;5;0;59;0;7;0;0;21;0;69;5;0;135;X;6;X;0;23;0;76;5;0;164;0;2302800
230280005000020;139;26;0;227;0;58;11;0;97;0;81;15;0;130;0;39;13;0;83;0;12;27;5;8;0;0;32;51;0;0;X;X;12;14;9;X;0;3;3;6;0;0;0;0;0;X;9;34;24;15;0;0;0;0;0;36;5;0;43;0;37;4;0;65;0;49;8;0;93;0;17;9;0;26;0;10;X;0;12;0;48;10;0;85;0;15;X;0;22;0;66;13;0;108;0;2302800
230280005000021;189;26;0;577;0;82;13;0;272;0;107;13;0;305;0;59;12;0;211;0;19;40;5;7;0;0;82;129;0;0;0;3;21;14;21;X;0;4;3;4;0;0;0;0;0;7;18;50;79;57;0;0;0;0;0;41;X;0;94;0;42;5;0;145;0;71;11;0;235;0;35;8;0;103;0;13;0;0;28;0;69;13;0;244;0;6;0;0;40;0;101;13;0;265;0;2302800
230280005000022;143;26;X;520;0;64;14;0;233;0;79;12;X;287;0;47;13;0;175;0;19;28;9;4;0;0;66;109;0;0;0;3;11;18;15;0;X;3;6;3;0;0;0;0;0;0;6;54;70;45;0;0;0;0;0;38;X;X;117;0;31;8;0;123;0;53;11;0;208;0;21;6;0;72;0;11;0;0;32;0;53;14;0;201;0;14;0;0;44;0;65;12;X;243;0;2302800
230280005000025;226;44;X;467;0;106;25;0;233;0;120;19;X;234;0;73;24;0;170;0;34;39;14;10;0;0;90;80;0;0;0;X;20;34;17;0;X;7;12;3;0;0;0;0;0;0;4;57;78;31;0;0;0;0;0;57;5;0;88;0;44;9;X;115;0;96;23;0;210;0;29;7;0;54;0;17;3;0;36;0;89;22;0;197;0;20;X;0;20;0;100;18;X;214;0;2302800
230280005000026;220;32;0;485;0;107;15;0;212;0;113;17;0;273;0;67;17;0;187;0;32;35;8;9;0;0;80;107;0;0;0;5;10;37;15;0;X;4;6;6;0;0;0;0;0;0;8;53;75;51;0;0;0;0;0;50;4;0;74;0;55;5;0;115;0;87;14;0;207;0;28;9;0;89;0;16;X;0;19;0;91;13;0;193;0;15;X;0;28;0;98;16;0;245;0;2302800
230280005000027;88;20;0;531;0;46;9;0;273;0;42;11;0;258;0;28;9;0;184;0;11;17;X;7;0;0;65;119;0;0;X;0;8;9;10;0;0;6;3;0;0;0;0;0;0;0;9;50;73;52;0;0;0;0;0;17;4;0;110;0;16;4;0;123;0;35;12;0;212;0;20;0;0;86;0;5;0;0;27;0;41;9;0;246;0;4;X;0;35;0;38;10;0;223;0;2302800
230280005000028;76;4;0;112;0;38;X;0;52;0;38;X;0;60;0;29;X;0;57;0;11;18;X;0;0;0;28;29;0;0;0;X;6;10;12;0;X;0;0;X;0;0;0;0;0;0;X;13;23;19;0;0;0;0;0;12;0;0;8;0;10;3;0;17;0;33;0;0;55;0;21;X;0;32;0;4;0;0;X;0;34;X;0;50;0;X;0;0;X;0;36;X;0;58;0;2302800
230280005000029;165;35;X;439;0;71;11;X;207;0;94;24;0;232;0;49;17;X;154;0;19;30;7;10;X;0;57;97;0;0;0;3;9;23;14;0;X;3;9;3;0;0;X;0;0;0;8;53;58;35;0;0;0;0;0;35;4;0;90;0;45;7;X;111;0;59;17;0;186;0;26;7;0;52;0;11;X;0;32;0;60;9;X;175;0;15;X;0;27;0;79;22;0;205;0;2302800
230280005000030;138;57;X;383;3;72;32;0;198;X;66;25;X;185;X;43;26;X;124;0;18;25;14;12;0;X;56;68;0;0;0;4;14;17;8;0;3;4;10;9;0;0;0;0;X;0;6;46;43;29;0;0;0;0;0;35;11;0;85;X;45;15;0;102;X;45;19;0;151;0;13;12;X;45;0;16;5;0;31;0;56;27;0;167;X;11;X;0;26;X;55;24;X;159;X;2302800
230280005000031;133;30;0;375;0;83;17;0;180;0;50;13;0;195;0;38;14;0;131;0;16;22;6;8;0;0;44;87;0;0;0;X;9;23;5;0;0;4;7;3;0;0;0;0;0;X;7;39;57;27;0;0;0;0;0;27;4;0;92;0;45;5;0;95;0;50;14;0;144;0;11;7;0;44;0;10;0;0;26;0;73;17;0;154;0;8;0;0;29;0;42;13;0;166;0;2302800
230280005000032;142;28;0;300;0;58;14;0;145;0;84;14;0;155;0;45;13;0;103;0;16;29;8;5;0;0;48;55;0;0;0;X;7;21;15;0;0;X;5;7;0;0;0;0;0;0;8;22;43;30;0;0;0;0;0;40;0;0;41;0;24;6;0;90;0;53;13;0;121;0;25;9;0;48;0;10;0;0;12;0;48;14;0;133;0;17;0;0;12;0;67;14;0;143;0;2302800
230280005000033;117;22;X;345;0;53;14;X;167;0;64;8;X;178;0;35;10;X;119;0;16;19;6;4;X;0;52;67;0;0;0;4;9;11;11;0;0;X;5;4;0;0;0;0;X;X;5;24;56;33;0;0;0;0;0;28;X;0;49;0;39;4;0;91;0;35;13;0;150;0;15;4;X;55;0;7;X;0;20;0;46;13;X;147;0;11;0;0;18;0;53;8;X;160;0;2302800
230280005000034;220;226;0;600;0;109;127;0;295;0;111;99;0;305;0;52;77;0;210;0;20;32;29;48;0;0;62;148;0;0;0;4;14;19;15;0;5;10;34;28;0;0;0;0;0;4;33;76;66;31;0;0;0;0;0;62;31;0;164;0;63;61;0;169;0;63;90;0;217;0;32;44;0;50;0;18;6;0;60;0;91;121;0;235;0;28;8;0;49;0;83;91;0;256;0;2302800
230280005000035;88;12;0;215;0;33;7;0;88;0;55;5;0;127;0;34;6;0;78;0;11;23;4;X;0;0;28;50;0;0;0;0;4;11;19;0;0;0;X;5;0;0;0;0;0;0;3;19;33;23;0;0;0;0;0;18;0;0;33;0;15;0;0;57;0;30;5;0;84;0;25;7;0;41;0;4;0;0;8;0;29;7;0;80;0;9;0;0;12;0;46;5;0;115;0;2302800
230280005000036;41;8;0;71;0;21;4;0;22;0;20;4;0;49;0;16;4;0;26;0;7;9;X;X;0;0;5;21;0;0;0;0;3;6;7;0;0;0;X;3;0;0;0;0;0;0;X;6;8;11;0;0;0;0;0;5;0;0;15;0;6;X;0;15;0;18;3;0;25;0;12;3;0;16;0;X;0;0;5;0;19;4;0;17;0;0;0;0;3;0;20;4;0;46;0;2302800
230280005000037;12;X;0;50;0;4;X;0;21;0;8;0;0;29;0;4;X;0;21;0;X;3;X;0;0;0;8;13;0;0;0;X;0;X;X;0;0;0;X;0;0;0;0;0;0;0;0;X;8;11;0;0;0;0;0;4;0;0;8;0;X;0;0;3;0;X;X;0;23;0;5;X;0;16;0;X;0;0;5;0;3;X;0;16;0;X;0;0;X;0;6;0;0;28;0;2302800
230280005000038;71;8;X;122;0;36;X;X;54;0;35;6;X;68;0;19;4;X;40;0;6;13;X;3;0;X;12;28;0;0;0;X;X;8;9;0;0;X;X;X;0;0;0;0;X;0;0;9;15;16;0;0;0;0;0;11;X;0;16;0;23;X;X;28;0;23;X;0;52;0;14;X;X;26;0;X;0;0;4;0;35;X;X;50;0;5;0;0;6;0;30;6;X;62;0;2302800
230280005000039;109;24;0;162;X;43;13;0;71;X;66;11;0;91;0;39;14;0;58;0;9;30;4;10;0;0;21;37;0;0;0;X;7;14;17;0;0;X;8;5;0;0;0;0;0;0;X;12;23;22;0;0;0;0;0;13;0;0;12;0;24;3;0;41;X;45;14;0;65;0;27;7;0;44;0;6;0;0;3;0;37;13;0;68;X;4;0;0;X;0;62;11;0;89;0;2302800
230280005000042;257;31;X;732;0;130;22;0;405;0;127;9;X;327;0;83;16;0;258;0;50;33;12;4;0;0;159;99;0;0;0;0;18;30;35;0;0;3;10;3;0;0;0;0;0;0;9;58;102;89;0;0;0;0;0;57;X;X;147;0;57;5;0;160;0;91;21;X;286;0;52;3;0;139;0;24;X;0;52;0;106;20;0;353;0;8;0;X;41;0;119;9;X;286;0;2302800
230280005000044;13;3;0;80;0;5;X;0;45;0;8;X;0;35;0;X;X;0;29;0;X;X;X;0;0;0;26;3;0;0;0;0;0;X;X;0;0;0;X;0;0;0;0;0;0;0;X;3;13;11;0;0;0;0;0;3;0;0;11;0;4;X;0;23;0;3;X;0;31;0;3;X;0;15;0;X;0;0;X;0;3;X;0;44;0;X;0;0;4;0;7;X;0;31;0;2302800
230280005000045;26;9;0;244;0;16;5;0;134;0;10;4;0;110;0;4;4;0;62;0;X;X;4;0;0;0;46;16;0;0;0;0;0;3;X;0;0;0;X;X;0;0;0;0;0;0;0;12;30;20;0;0;0;0;0;7;X;0;58;0;6;X;0;63;0;11;4;0;90;0;X;3;0;33;0;4;0;0;24;0;12;5;0;110;0;X;0;0;17;0;9;4;0;93;0;2302800
230280005000046;47;25;0;121;0;23;18;0;61;0;24;7;0;60;0;14;10;0;37;0;8;6;8;X;0;0;20;17;0;0;0;0;3;8;3;0;0;X;4;4;0;0;0;0;0;0;X;6;17;12;0;0;0;0;0;13;4;0;25;0;11;7;0;24;0;20;9;0;54;0;3;5;0;18;0;4;X;0;8;0;19;17;0;53;0;3;X;0;7;0;21;6;0;53;0;2302800
230280005000047;70;19;0;656;0;32;11;0;375;0;38;8;0;281;0;24;7;0;208;0;9;15;3;4;0;0;96;112;0;0;0;X;6;10;7;0;0;X;3;X;0;0;0;0;0;X;16;47;80;63;0;0;0;0;0;15;3;0;153;0;19;7;0;142;0;26;7;0;246;0;10;X;0;115;0;10;X;0;58;0;22;9;0;317;0;3;0;0;35;0;35;8;0;246;0;2302800
230280005000049;239;15;0;643;0;121;11;0;348;0;118;4;0;295;0;61;7;0;215;0;41;20;5;X;0;0;117;98;0;0;0;0;15;22;24;0;0;0;3;4;0;0;0;0;0;X;7;66;86;55;0;0;0;0;0;66;0;0;137;0;53;X;0;156;0;76;5;0;262;0;44;8;0;88;0;22;0;0;49;0;99;11;0;299;0;26;0;0;37;0;92;4;0;258;0;2302800
230280005000050;80;58;3;260;3;37;33;X;134;X;43;25;X;126;X;17;19;X;81;X;14;3;13;6;X;0;43;38;0;X;0;0;4;7;6;0;0;5;6;8;0;0;0;0;X;0;4;32;27;18;0;0;0;0;X;25;15;0;74;0;21;10;X;50;0;25;22;0;104;X;9;11;X;32;X;6;6;0;26;0;31;27;X;108;X;7;X;0;23;0;36;23;X;103;X;2302800
230280005000052;28;7;0;109;X;17;4;0;62;X;11;3;0;47;0;3;3;0;35;0;X;X;X;X;0;0;14;21;0;0;0;0;X;X;0;0;0;X;X;0;0;0;0;0;0;0;X;10;15;9;0;0;0;0;0;5;3;0;16;0;12;0;0;33;0;6;4;0;45;X;5;0;0;15;0;X;0;0;9;0;15;4;0;53;X;0;0;0;3;0;11;3;0;44;0;2302800
230280005000053;13;3;0;84;0;7;X;0;47;0;6;X;0;37;0;X;X;0;28;0;0;X;X;0;0;0;13;15;0;0;0;0;X;0;0;0;0;0;X;X;0;0;0;0;0;0;3;7;9;9;0;0;0;0;0;7;0;0;13;0;X;0;0;28;0;3;X;0;27;0;X;X;0;16;0;4;0;0;5;0;3;X;0;42;0;X;0;0;X;0;4;X;0;35;0;2302800
230280005000054;58;9;0;176;X;39;5;0;91;X;19;4;0;85;0;13;5;0;58;X;7;6;3;X;0;0;28;30;X;0;0;X;4;3;5;0;0;X;3;X;0;0;0;0;0;X;X;18;20;17;0;0;X;0;0;17;X;0;43;0;15;X;0;40;0;19;5;0;66;X;7;X;0;27;0;7;0;0;18;0;32;5;0;73;X;4;X;0;9;0;15;3;0;76;0;2302800
230280005000055;8;X;0;105;0;7;X;0;58;0;X;X;0;47;0;3;X;0;32;0;3;0;X;0;0;0;27;5;0;0;0;0;0;3;0;0;0;0;0;X;0;0;0;0;0;0;0;3;14;15;0;0;0;0;0;X;0;0;20;0;X;0;0;17;0;3;0;0;45;0;X;X;0;23;0;X;0;0;9;0;6;X;0;49;0;0;0;0;3;0;X;X;0;44;0;2302800
230280005000056;38;3;X;117;0;17;0;0;62;0;21;3;X;55;0;12;X;0;34;0;9;3;0;X;0;0;31;3;0;0;0;X;4;6;X;0;0;0;0;X;0;0;0;0;0;0;X;5;14;13;0;0;0;0;0;17;0;0;28;0;3;0;0;26;0;16;X;X;44;0;X;X;0;19;0;6;0;0;4;0;11;0;0;58;0;9;0;0;10;0;12;3;X;45;0;2302800
230280005000057;22;7;X;57;0;10;4;X;29;0;12;3;X;28;0;6;4;0;17;0;5;X;3;X;0;0;12;5;0;0;0;X;X;X;3;0;0;0;X;X;0;0;0;0;0;0;0;7;7;3;0;0;0;0;0;10;0;0;10;0;X;X;X;14;0;6;3;X;26;0;4;X;0;7;0;X;0;0;3;0;8;4;X;26;0;4;0;0;4;0;8;3;X;24;0;2302800
230280005000058;71;31;0;176;X;36;18;0;93;0;35;13;0;83;X;19;16;0;53;X;14;5;14;X;0;0;16;37;0;X;0;0;7;3;9;0;0;4;8;4;0;0;0;0;0;X;6;16;15;15;0;0;X;0;0;19;X;0;33;0;16;10;0;41;0;20;14;0;70;X;16;6;0;32;0;7;0;0;14;0;29;18;0;79;0;6;0;0;7;0;29;13;0;76;X;2302800
230280005000059;0;X;0;11;0;0;X;0;6;0;0;X;0;5;0;0;X;0;4;0;0;0;X;0;0;0;X;X;0;0;0;0;0;0;0;0;0;0;X;0;0;0;0;0;0;0;0;X;X;X;0;0;0;0;0;0;0;0;X;0;0;X;0;4;0;0;X;0;3;0;0;0;0;X;0;0;0;0;X;0;0;X;0;5;0;0;0;0;0;0;0;X;0;5;0;2302800
230280005000060;230;25;0;305;0;94;12;0;143;0;136;13;0;162;0;75;11;0;108;0;32;43;6;5;0;0;51;57;0;0;0;X;12;35;27;0;0;X;4;6;0;0;0;0;0;0;X;23;44;39;0;0;0;0;0;37;0;0;57;0;51;7;0;52;0;91;9;0;135;0;51;9;0;61;0;13;0;0;20;0;81;12;0;123;0;12;0;0;20;0;124;13;0;142;0;2302800
230280005000061;121;26;0;280;0;50;15;0;121;0;71;11;0;159;0;45;5;0;102;0;17;28;X;4;0;0;41;61;0;0;0;X;6;19;19;0;0;X;X;X;0;0;0;0;0;0;6;22;41;33;0;0;0;0;0;21;5;0;42;0;30;7;0;69;0;41;11;0;111;0;29;3;0;58;0;4;X;0;12;0;46;14;0;109;0;8;0;0;12;0;63;11;0;147;0;2302800
230280005000064;176;17;9;251;X;85;9;5;105;X;91;8;4;146;X;62;5;4;98;X;33;29;3;X;X;X;42;56;0;X;0;5;9;21;27;0;0;0;X;4;0;X;0;X;X;0;3;25;44;26;0;0;0;X;0;28;0;0;42;0;41;3;3;61;X;58;5;3;93;X;49;9;3;55;0;9;0;0;10;0;76;9;5;95;X;11;0;0;20;0;80;8;4;126;X;2302800
230280005000065;178;36;0;392;8;78;22;0;168;5;100;14;0;224;3;49;16;0;148;X;21;28;14;X;0;0;72;76;X;0;0;3;15;17;14;0;X;6;4;4;0;0;0;0;0;0;11;38;53;46;0;0;X;0;X;40;5;0;62;3;53;8;0;99;0;63;16;0;160;4;22;7;0;71;X;12;3;0;18;0;66;19;0;150;5;10;0;0;26;0;90;14;0;198;3;2302800
230280005000066;112;29;0;304;0;46;14;0;141;0;66;15;0;163;0;32;13;0;107;0;11;21;5;8;0;0;28;79;0;0;0;0;9;8;15;0;X;0;3;9;0;0;0;0;0;X;5;30;50;21;0;0;0;0;0;25;0;0;53;0;29;7;0;65;0;37;11;0;145;0;21;11;0;41;0;9;0;0;14;0;37;14;0;127;0;8;0;0;19;0;58;15;0;144;0;2302800
230280005000067;236;53;4;630;0;117;28;3;293;0;119;25;X;337;0;82;25;X;224;0;30;52;8;17;X;X;82;142;0;0;0;4;13;32;33;0;X;7;10;6;0;0;0;X;X;0;10;66;92;56;0;0;0;0;0;49;X;0;113;0;63;15;0;163;0;77;29;3;268;0;47;7;X;86;0;22;X;0;35;0;95;27;3;258;0;10;X;0;37;0;109;24;X;300;0;2302800
230280005000068;47;17;0;646;0;17;10;0;310;0;30;7;0;336;0;17;8;0;206;0;7;10;4;4;0;0;50;156;0;0;0;X;3;5;7;0;0;0;5;3;0;0;0;0;0;0;11;60;81;54;0;0;0;0;0;10;0;0;149;0;13;4;0;173;0;12;8;0;237;0;12;5;0;87;0;X;0;0;44;0;15;10;0;266;0;3;0;0;40;0;27;7;0;296;0;2302800
230280005000069;236;88;0;693;X;114;51;0;333;0;122;37;0;360;X;66;44;0;227;X;23;43;21;23;0;0;76;151;0;X;0;6;16;27;17;0;3;7;19;15;0;0;0;0;0;5;26;92;72;32;X;0;0;0;0;76;10;0;204;0;61;17;0;189;X;68;40;0;245;0;31;21;0;55;0;27;5;0;70;0;87;46;0;263;0;32;3;0;66;0;90;34;0;294;X;2302800
230280005000070;241;57;X;776;0;115;31;X;389;0;126;26;X;387;0;75;26;X;270;0;27;48;13;13;X;X;106;164;0;0;0;3;21;30;21;0;0;4;14;8;0;X;0;0;X;0;25;87;104;54;0;0;0;0;0;65;6;0;183;0;59;13;X;215;0;82;27;0;298;0;35;11;X;80;0;23;3;0;57;0;92;28;X;332;0;22;X;0;61;0;104;24;X;326;0;2302800
230280005000072;206;48;0;430;X;100;32;0;202;0;106;16;0;228;X;67;19;0;164;0;32;35;13;6;0;0;77;87;0;0;0;4;14;29;20;0;0;3;10;6;0;0;0;0;0;0;4;41;66;53;0;0;0;0;0;52;X;0;72;0;44;8;0;92;X;81;26;0;187;0;29;12;0;79;0;23;X;0;29;0;77;31;0;173;0;11;0;0;22;0;95;16;0;206;X;2302800
230280005000073;134;39;X;473;0;69;26;0;231;0;65;13;X;242;0;25;17;0;177;0;5;20;9;8;0;0;58;119;0;0;0;X;9;10;4;0;X;6;X;7;0;0;0;0;0;0;11;51;69;46;0;0;0;0;0;46;X;0;95;0;42;13;0;108;0;36;15;X;193;0;10;10;0;77;0;19;X;0;32;0;50;25;0;199;0;14;0;0;31;0;51;13;X;211;0;2302800
230280005000074;105;8;0;215;0;60;4;0;91;0;45;4;0;124;0;35;X;0;77;0;20;15;X;0;0;0;30;47;0;0;0;4;11;12;8;0;0;0;X;X;0;0;0;0;0;0;4;24;24;25;0;0;0;0;0;26;X;0;44;0;32;X;0;51;0;35;4;0;88;0;12;X;0;32;0;10;X;0;14;0;50;3;0;77;0;5;X;0;12;0;40;3;0;112;0;2302800
230280005000075;126;13;0;315;0;66;7;0;139;0;60;6;0;176;0;41;7;0;115;0;19;22;3;4;0;0;36;79;0;0;0;X;13;12;14;0;0;X;3;X;0;0;0;0;0;0;3;30;43;39;0;0;0;0;0;29;X;0;65;0;26;4;0;65;0;46;6;0;125;0;25;X;0;60;0;14;0;0;19;0;52;7;0;120;0;6;0;0;26;0;54;6;0;150;0;2302800
230280005000076;149;29;X;278;0;67;14;0;124;0;82;15;X;154;0;41;18;X;102;0;18;23;9;9;0;X;53;49;0;0;0;3;10;11;17;0;X;4;4;9;0;0;0;0;X;0;10;26;33;33;0;0;0;0;0;39;3;0;59;0;30;4;0;71;0;48;11;0;98;0;32;11;X;50;0;11;X;0;20;0;56;12;0;104;0;12;0;0;22;0;70;15;X;132;0;2302800
230280005000077;180;53;9;383;9;88;32;4;192;5;92;21;5;191;4;55;21;X;134;3;31;24;14;7;X;X;61;73;X;X;0;0;15;22;18;0;X;7;9;4;0;X;X;0;0;X;8;42;46;37;0;0;0;3;0;42;9;5;71;X;36;9;4;102;3;75;26;0;153;4;27;9;0;57;0;18;4;X;30;X;70;28;3;162;4;12;X;X;16;0;80;19;3;175;4;2302800
230280005000079;158;19;0;323;0;67;13;0;153;0;91;6;0;170;0;54;6;0;119;0;25;29;3;3;0;0;42;77;0;0;X;6;11;19;17;0;X;0;5;0;0;0;0;0;0;0;10;33;48;28;0;0;0;0;0;28;X;0;57;0;43;4;0;88;0;61;11;0;124;0;26;3;0;54;0;7;0;0;16;0;60;13;0;137;0;12;0;0;17;0;79;6;0;153;0;2302800
230280005000081;68;3;0;110;0;28;X;0;41;0;40;X;0;69;0;29;X;0;47;0;12;17;X;0;0;0;17;30;0;0;0;X;4;14;9;0;X;0;0;0;0;0;0;0;0;0;8;9;16;14;0;0;0;0;0;15;0;0;14;0;11;X;0;25;0;28;X;0;45;0;14;0;0;26;0;X;0;0;X;0;26;X;0;39;0;7;0;0;7;0;33;X;0;62;0;2302800
230280005000083;118;71;4;392;0;41;37;X;204;0;77;34;3;188;0;26;28;X;131;0;8;18;10;18;0;X;47;84;0;0;0;0;9;9;8;X;X;6;8;11;0;X;X;0;0;X;6;45;55;24;0;0;0;0;0;35;9;X;85;0;34;25;X;101;0;35;25;X;164;0;14;12;0;42;0;6;4;X;29;0;35;33;0;175;0;12;3;X;23;0;65;31;X;165;0;2302800
230280005000084;170;34;0;381;0;77;22;0;177;0;93;12;0;204;0;51;19;0;125;0;26;25;12;7;0;0;59;66;0;0;0;4;14;17;16;0;3;7;4;5;0;0;0;0;0;0;X;38;54;31;0;0;0;0;0;54;X;0;86;0;36;8;0;85;0;58;16;0;155;0;22;8;0;55;0;14;X;0;31;0;63;21;0;146;0;22;0;0;26;0;71;12;0;178;0;2302800
230280005000085;159;16;X;310;0;86;7;0;153;0;73;9;X;157;0;47;6;X;114;0;25;22;4;X;0;X;38;76;0;0;X;X;11;18;15;0;X;X;X;X;0;X;0;0;0;X;8;36;45;23;0;0;0;0;0;35;X;0;79;0;39;7;X;66;0;58;5;0;124;0;27;X;0;41;0;11;X;0;33;0;75;6;0;120;0;14;0;0;25;0;59;9;X;132;0;2302800
230280005000086;173;45;5;311;3;74;24;3;145;X;99;21;X;166;X;51;24;4;104;X;25;26;12;12;3;X;49;55;0;X;0;X;15;19;16;0;X;5;12;6;0;X;0;X;X;0;4;32;45;23;0;0;X;0;0;42;X;0;68;X;46;12;X;83;0;61;19;3;120;X;24;12;X;40;0;16;X;0;21;0;58;23;3;124;X;16;0;0;19;0;83;21;X;147;X;2302800
230280005000088;24;28;0;179;0;11;16;0;80;0;13;12;0;99;0;X;7;0;53;0;X;X;3;4;0;0;35;18;0;0;0;0;0;X;X;0;0;X;4;X;0;0;0;0;0;0;X;19;22;10;0;0;0;0;0;8;3;0;42;0;8;10;0;58;0;5;9;0;62;0;3;6;0;17;0;3;X;0;9;0;8;15;0;71;0;5;0;0;17;0;8;12;0;82;0;2302800
230280005000090;64;17;10;164;0;30;10;4;80;0;34;7;6;84;0;15;8;X;64;0;7;8;4;4;X;X;30;34;0;0;0;X;X;6;6;0;0;X;X;5;0;0;X;X;0;0;X;21;27;15;0;0;0;0;0;11;X;X;26;0;19;3;5;45;0;22;6;3;76;0;12;6;0;17;0;3;X;X;9;0;27;9;3;71;0;3;X;X;12;0;31;6;5;72;0;2302800
230280005000091;194;18;0;538;0;88;12;0;262;0;106;6;0;276;0;46;5;0;195;0;13;33;X;3;0;0;66;129;0;0;0;X;20;17;8;0;X;0;4;0;0;0;0;0;0;X;16;85;66;27;0;0;0;0;0;53;3;0;135;0;56;4;0;141;0;66;11;0;217;0;19;0;0;45;0;18;0;0;50;0;70;12;0;212;0;14;0;0;41;0;92;6;0;235;0;2302800
230280005000092;124;29;X;488;0;60;14;0;234;0;64;15;X;254;0;29;16;X;164;0;11;18;6;10;0;X;56;108;0;0;0;X;9;12;6;0;0;5;4;7;0;0;0;0;X;0;14;64;55;31;0;0;0;0;0;42;X;0;125;0;27;9;0;143;0;38;10;0;173;0;17;8;X;47;0;12;X;0;38;0;48;13;0;196;0;13;0;0;41;0;51;15;X;213;0;2302800
230280005000093;153;23;0;602;0;68;8;0;292;0;85;15;0;310;0;41;14;0;214;0;24;17;7;7;0;0;119;95;0;0;0;X;20;12;8;0;X;10;X;X;0;0;0;0;0;0;18;98;69;29;0;0;0;0;0;50;3;0;152;0;36;8;0;181;0;54;10;0;226;0;13;X;0;43;0;19;0;0;58;0;49;8;0;234;0;16;3;0;49;0;69;12;0;261;0;2302800
230280005000094;202;26;0;532;0;103;14;0;270;0;99;12;0;262;0;62;11;0;191;0;41;21;5;6;0;0;105;86;0;0;X;3;16;28;14;0;X;X;4;3;0;0;0;0;0;0;12;61;74;44;0;0;0;0;0;50;X;0;118;0;51;10;0;113;0;78;10;0;227;0;23;5;0;74;0;17;X;0;41;0;86;13;0;229;0;20;0;0;40;0;79;12;0;222;0;2302800
230280005000099;0;0;0;0;20;0;0;0;0;9;0;0;0;0;11;0;0;0;0;6;0;0;0;0;0;0;0;0;5;X;0;0;0;0;0;0;0;0;0;0;0;0;0;0;0;0;0;0;0;0;0;0;4;X;X;0;0;0;0;8;0;0;0;0;7;0;0;0;0;4;0;0;0;0;X;0;0;0;0;X;0;0;0;0;7;0;0;0;0;5;0;0;0;0;6;2302800
230280005000100;0;X;0;7;18;0;X;0;3;8;0;0;0;4;10;0;0;0;3;5;0;0;0;0;0;0;3;0;4;X;0;0;0;0;0;0;0;0;0;0;0;0;0;0;0;0;X;X;0;0;0;0;X;0;3;0;X;0;X;6;0;0;0;X;X;0;0;0;4;5;0;0;0;0;6;0;0;0;0;X;0;X;0;3;7;0;0;0;X;4;0;0;0;3;6;2302800
230280005000101;0;0;0;0;22;0;0;0;0;9;0;0;0;0;13;0;0;0;0;6;0;0;0;0;0;0;0;0;X;5;0;0;0;0;0;0;0;0;0;0;0;0;0;0;0;0;0;0;0;0;0;X;X;X;X;0;0;0;0;7;0;0;0;0;8;0;0;0;0;6;0;0;0;0;X;0;0;0;0;X;0;0;0;0;8;0;0;0;0;3;0;0;0;0;10;2302800
230280005000103;24;9;0;122;0;15;4;0;62;0;9;5;0;60;0;8;6;0;45;0;4;4;X;5;0;0;29;16;0;0;0;0;5;3;0;0;0;X;X;3;0;0;0;0;0;0;X;24;16;4;0;0;0;0;0;8;X;0;29;0;5;X;0;22;0;9;3;0;64;0;X;3;0;7;0;4;X;0;11;0;11;3;0;51;0;X;0;0;9;0;7;5;0;51;0;2302800
230280005000104;180;47;0;933;0;85;25;0;472;0;95;22;0;461;0;41;24;0;316;0;18;23;8;16;0;0;113;203;0;0;0;3;14;14;10;0;X;4;8;11;0;0;0;0;0;7;35;119;105;50;0;0;0;0;0;72;4;0;261;0;48;9;0;251;0;46;21;0;341;0;14;13;0;80;0;26;X;0;87;0;59;23;0;385;0;32;X;0;87;0;63;20;0;374;0;2302800
230280005000105;27;4;0;98;0;12;3;0;54;0;15;X;0;44;0;5;X;0;35;0;X;4;X;X;0;0;19;16;0;0;0;X;X;X;X;0;0;X;0;X;0;0;0;0;0;0;6;12;16;X;0;0;0;0;0;6;X;0;27;0;7;X;0;32;0;12;0;0;35;0;X;X;0;4;0;X;X;0;10;0;10;X;0;44;0;X;0;0;7;0;13;X;0;37;0;2302800
230280005000106;80;10;X;194;X;40;6;X;93;0;40;4;0;101;X;25;3;X;64;0;15;10;X;X;X;0;32;32;0;0;0;X;10;11;3;0;0;X;X;0;0;0;0;X;0;0;X;18;30;15;0;0;0;0;0;20;0;0;42;0;19;4;0;33;0;33;6;X;95;X;8;0;0;24;0;10;0;0;14;0;30;6;X;79;0;6;0;0;16;0;34;4;0;85;X;2302800
230280005000107;96;33;0;345;X;42;18;0;167;X;54;15;0;178;0;24;14;0;116;X;8;16;7;7;0;0;48;68;X;0;0;0;8;6;10;0;0;3;4;7;0;0;0;0;0;0;4;28;57;27;0;0;0;X;0;24;X;0;72;0;25;7;0;86;0;31;14;0;141;X;16;10;0;46;0;10;0;0;24;0;32;18;0;143;X;8;X;0;27;0;46;14;0;151;0;2302800
230280005000108;64;17;0;85;0;24;9;0;33;0;40;8;0;52;0;14;9;0;33;0;4;10;6;3;0;0;13;20;0;0;0;0;4;5;5;0;0;X;4;4;0;0;0;0;0;0;3;5;14;11;0;0;0;0;0;14;X;0;14;0;15;X;0;19;0;24;9;0;38;0;11;5;0;14;0;4;0;0;3;0;20;9;0;30;0;6;X;0;9;0;34;7;0;43;0;2302800
230280005000109;129;17;0;411;0;60;9;0;185;0;69;8;0;226;0;45;9;0;150;0;21;24;3;6;0;0;53;97;0;0;0;4;11;18;12;0;0;X;7;0;0;0;0;0;0;X;10;43;59;37;0;0;0;0;0;29;3;0;97;0;28;X;0;94;0;52;11;0;165;0;20;X;0;55;0;10;X;0;31;0;50;8;0;154;0;7;0;0;33;0;62;8;0;193;0;2302800
230280005000110;12;X;0;44;0;6;0;0;20;0;6;X;0;24;0;X;X;0;18;0;X;0;0;X;0;0;9;9;0;0;0;0;0;X;X;0;0;X;0;0;0;0;0;0;0;0;X;7;6;4;0;0;0;0;0;5;0;0;11;0;X;0;0;10;0;5;X;0;16;0;X;0;0;7;0;X;0;0;4;0;5;0;0;16;0;X;0;0;4;0;5;X;0;20;0;2302800
230280005000111;49;32;0;142;0;26;11;0;65;0;23;21;0;77;0;14;13;0;53;0;3;11;4;9;0;0;18;35;0;0;0;0;4;8;X;0;X;4;5;3;0;0;0;0;0;0;4;15;23;11;0;0;0;0;0;14;5;0;35;0;14;11;0;45;0;17;13;0;45;0;4;3;0;17;0;5;X;0;13;0;21;9;0;52;0;X;X;0;15;0;22;19;0;62;0;2302800
230280005000112;11;0;0;6;0;5;0;0;3;0;6;0;0;3;0;3;0;0;X;0;X;X;0;0;0;0;X;0;0;0;0;0;X;0;X;0;0;0;0;0;0;0;0;0;0;0;0;X;0;X;0;0;0;0;0;3;0;0;X;0;X;0;0;0;0;3;0;0;X;0;4;0;0;3;0;X;0;0;0;0;3;0;0;3;0;0;0;0;X;0;6;0;0;X;0;2302800
230280005000114;168;47;10;237;0;79;21;4;117;0;89;26;6;120;0;58;22;3;97;0;32;26;12;10;X;X;55;42;0;0;0;X;21;26;9;0;4;7;7;4;0;0;X;X;0;0;7;39;37;14;0;0;0;0;0;43;4;4;41;0;35;15;X;64;0;68;20;4;111;0;22;8;0;21;0;14;0;X;17;0;65;21;X;100;0;12;3;X;13;0;77;23;4;107;0;2302800
230280005000115;185;58;0;497;0;97;28;0;215;0;88;30;0;282;0;47;27;0;161;0;15;32;7;20;0;0;32;129;0;0;0;3;22;15;7;0;X;10;13;3;0;0;0;0;0;0;7;79;59;16;0;0;0;0;0;70;7;0;156;0;51;12;0;126;0;55;35;0;189;0;9;4;0;26;0;23;X;0;48;0;74;26;0;167;0;22;X;0;44;0;66;29;0;238;0;2302800
230280005000116;179;37;0;540;0;79;17;0;240;0;100;20;0;300;0;46;15;0;186;0;14;32;3;12;0;0;36;150;0;0;0;3;18;21;4;0;X;7;6;X;0;0;0;0;0;0;6;92;76;12;0;0;0;0;0;62;4;0;149;0;47;7;0;143;0;61;24;0;229;0;9;X;0;19;0;16;0;0;47;0;63;17;0;193;0;28;X;0;41;0;72;19;0;259;0;2302800
230280005000117;75;26;0;262;0;37;17;0;133;0;38;9;0;129;0;21;8;0;73;0;9;12;6;X;0;0;38;35;0;0;0;0;8;8;5;0;X;3;3;X;0;0;0;0;0;0;4;27;27;15;0;0;0;0;0;32;4;0;71;0;17;9;0;75;0;20;11;0;85;0;6;X;0;31;0;12;X;0;25;0;25;15;0;108;0;10;0;0;17;0;28;9;0;112;0;2302800
230280005000118;85;13;0;199;0;48;7;0;89;0;37;6;0;110;0;22;7;0;69;0;9;13;3;4;0;0;24;45;0;0;0;X;8;7;6;0;0;X;3;X;0;0;0;0;0;X;8;16;26;18;0;0;0;0;0;21;0;0;31;0;17;X;0;55;0;34;8;0;80;0;13;3;0;33;0;7;0;0;10;0;41;7;0;79;0;6;0;0;14;0;31;6;0;96;0;2302800
230280005000119;50;77;0;131;0;26;42;0;71;0;24;35;0;60;0;16;25;0;45;0;10;6;19;6;0;0;32;13;0;0;0;0;7;7;X;0;0;3;11;11;0;0;0;0;0;0;3;10;18;14;0;0;0;0;0;11;13;0;30;0;13;14;0;31;0;18;32;0;53;0;8;18;0;17;0;5;5;0;6;0;21;37;0;65;0;X;6;0;11;0;23;29;0;49;0;2302800
230280005000121;71;35;X;159;X;33;20;0;77;X;38;15;X;82;X;17;12;0;57;X;10;7;8;4;0;0;26;31;0;X;0;X;X;8;6;0;0;X;9;X;0;0;0;0;0;0;6;18;18;15;0;0;0;0;X;13;X;X;35;0;22;9;0;51;0;25;21;0;55;0;11;4;0;18;X;5;X;0;11;0;28;19;0;66;X;5;0;X;10;0;33;15;0;72;X;2302800
230280005000122;192;56;5;479;X;95;25;X;212;0;97;31;4;267;X;54;24;3;165;0;36;18;10;14;0;3;81;84;0;0;0;5;20;20;9;0;0;9;11;4;0;0;X;X;0;0;13;79;48;25;0;0;0;0;0;55;7;X;114;0;41;11;X;139;0;80;32;3;189;X;16;6;0;37;0;24;3;0;35;0;71;22;X;177;0;15;X;X;50;0;82;29;3;217;X;2302800
230280005000123;122;31;11;314;3;61;15;4;145;X;61;16;7;169;X;24;16;5;104;X;16;8;10;6;X;4;48;56;X;0;0;X;10;8;5;0;0;12;X;X;0;0;X;4;0;0;4;45;45;10;0;0;X;X;0;35;5;X;73;0;32;6;X;82;X;40;17;8;137;X;15;3;0;22;0;14;X;X;23;0;47;13;3;122;X;10;3;0;23;0;51;13;7;146;X;2302800
230280005000124;353;44;12;636;X;157;24;3;291;X;196;20;9;345;0;99;19;9;248;X;58;41;12;7;X;8;137;111;X;0;X;4;55;32;7;0;0;7;9;3;0;0;5;3;X;0;11;143;80;14;0;0;X;0;0;118;7;X;133;0;67;11;3;171;X;156;23;6;304;0;12;3;X;28;0;39;0;X;42;0;118;24;X;249;X;53;X;0;50;0;143;18;9;295;0;2302800
230280005000125;20;0;0;24;0;10;0;0;13;0;10;0;0;11;0;6;0;0;13;0;5;X;0;0;0;0;6;7;0;0;0;0;0;4;X;0;0;0;0;0;0;0;0;0;0;0;0;4;5;4;0;0;0;0;0;3;0;0;X;0;4;0;0;4;0;10;0;0;11;0;3;0;0;8;0;X;0;0;0;0;9;0;0;13;0;X;0;0;X;0;9;0;0;10;0;2302800
230280005000126;207;21;0;345;0;89;11;0;171;0;118;10;0;174;0;64;10;0;123;0;25;39;4;6;0;0;62;61;0;0;0;X;12;26;25;0;0;0;5;5;0;0;0;0;0;0;6;26;54;37;0;0;0;0;0;44;0;0;53;0;41;6;0;80;0;83;8;0;147;0;39;7;0;65;0;14;0;0;14;0;75;11;0;157;0;13;0;0;12;0;105;10;0;162;0;2302800
230280005000127;X;X;0;X;25;X;X;0;0;12;0;0;0;X;13;0;0;0;X;9;0;0;0;0;0;0;0;X;6;3;0;0;0;0;0;0;0;0;0;0;0;0;0;0;0;0;0;0;0;X;0;X;0;5;3;0;0;0;0;6;0;X;0;0;6;0;0;0;0;9;X;0;0;X;4;0;0;0;0;3;X;X;0;0;9;0;0;0;0;X;0;0;0;X;11;2302800
230280005000128;9;4;0;34;80;7;4;0;20;45;X;0;0;14;35;3;4;0;12;26;3;0;4;0;0;0;12;0;23;3;0;0;0;X;X;0;0;X;X;X;0;0;0;0;0;0;0;X;7;3;0;3;X;11;10;3;0;0;5;23;X;0;0;5;17;X;X;0;17;27;3;X;0;7;13;3;0;0;X;7;4;4;0;18;38;0;0;0;3;9;X;0;0;11;26;2302800
230280005000129;X;X;X;X;X;X;X;X;X;X;X;X;X;X;X;X;X;X;X;X;X;X;X;X;X;X;X;X;X;X;X;X;X;X;X;X;X;X;X;X;X;X;X;X;X;X;X;X;X;X;X;X;X;X;X;X;X;X;X;X;X;X;X;X;X;X;X;X;X;X;X;X;X;X;X;X;X;X;X;X;X;X;X;X;X;X;X;X;X;X;X;X;X;X;X;2302800
230280005000130;112;44;5;493;18;61;23;X;255;11;51;21;4;238;7;31;19;X;150;8;20;11;12;7;0;X;88;62;5;3;0;X;9;13;8;0;X;8;6;4;0;0;0;0;X;0;15;35;67;33;0;0;0;3;5;39;6;X;123;X;28;10;0;116;4;34;20;X;191;5;11;8;X;63;7;12;X;0;42;X;49;21;X;213;10;10;X;X;38;0;41;19;3;200;7;2302800
230280005000131;0;0;0;X;30;0;0;0;0;15;0;0;0;X;15;0;0;0;X;9;0;0;0;0;0;0;0;X;X;7;0;0;0;0;0;0;0;0;0;0;0;0;0;0;0;0;X;0;0;0;0;X;0;5;X;0;0;0;0;7;0;0;0;X;12;0;0;0;0;8;0;0;0;0;3;0;0;0;0;3;0;0;0;0;12;0;0;0;0;4;0;0;0;X;11;2302800
230280005000132;49;25;0;114;0;22;12;0;57;0;27;13;0;57;0;10;7;0;34;0;3;7;4;3;0;0;11;23;0;0;0;X;3;X;4;X;0;X;3;X;0;0;0;0;0;0;0;16;13;5;0;0;0;0;0;18;7;0;45;0;11;7;0;21;0;11;9;0;40;0;9;X;0;8;0;3;0;0;19;0;19;12;0;38;0;8;4;0;11;0;19;9;0;46;0;2302800
230280005000133;154;17;0;349;4;73;7;0;167;0;81;10;0;182;4;48;6;0;131;X;25;23;3;3;0;0;67;64;0;X;0;X;22;19;5;0;0;X;3;X;0;0;0;0;0;0;8;59;52;12;0;0;X;0;0;35;5;0;85;X;37;X;0;78;0;73;9;0;167;X;9;X;0;19;0;17;X;0;28;0;56;6;0;139;0;12;3;0;35;X;69;7;0;147;3;2302800
230280005000134;X;X;X;X;X;X;X;X;X;X;X;X;X;X;X;X;X;X;X;X;X;X;X;X;X;X;X;X;X;X;X;X;X;X;X;X;X;X;X;X;X;X;X;X;X;X;X;X;X;X;X;X;X;X;X;X;X;X;X;X;X;X;X;X;X;X;X;X;X;X;X;X;X;X;X;X;X;X;X;X;X;X;X;X;X;X;X;X;X;X;X;X;X;X;X;2302800
230280005000135;156;60;X;458;X;76;42;X;229;X;80;18;0;229;0;46;21;X;160;X;21;25;12;9;X;0;78;82;X;0;0;3;18;13;12;0;0;9;5;7;0;0;X;0;0;0;10;71;56;23;0;0;X;0;0;48;12;0;121;X;39;19;X;101;0;51;19;0;201;X;18;10;0;35;0;22;7;0;40;X;54;35;X;189;X;15;X;0;41;0;65;17;0;188;0;2302800
230280005000136;5;4;0;20;0;3;3;0;10;0;X;X;0;10;0;X;X;0;7;0;X;0;X;0;0;0;3;4;0;0;0;0;X;0;0;0;0;0;X;0;0;0;0;0;0;0;X;3;X;X;0;0;0;0;0;X;0;0;4;0;3;X;0;8;0;X;3;0;6;0;0;0;0;X;0;X;0;0;X;0;X;3;0;9;0;0;0;0;3;0;X;X;0;7;0;2302800
230280005000137;156;29;0;458;0;69;18;0;223;0;87;11;0;235;0;56;12;0;155;0;15;41;7;5;0;0;49;106;0;0;0;X;11;23;20;0;0;5;4;3;0;0;0;0;0;X;8;39;66;41;0;0;0;0;0;32;4;0;91;0;36;7;0;117;0;60;10;0;183;0;28;8;0;67;0;14;0;0;35;0;55;18;0;188;0;8;X;0;24;0;79;10;0;211;0;2302800
230280005000138;140;127;0;327;0;69;78;0;171;0;71;49;0;156;0;45;48;0;111;0;34;11;34;14;0;0;79;32;0;0;0;X;9;21;14;X;3;4;26;14;0;0;0;0;0;0;5;39;34;33;0;0;0;0;0;26;10;0;68;0;37;28;0;79;0;53;60;0;134;0;24;29;0;46;0;7;3;0;27;0;62;75;0;144;0;7;4;0;20;0;64;45;0;136;0;2302800
230280005000139;0;22;0;40;0;0;12;0;17;0;0;10;0;23;0;0;8;0;10;0;0;0;5;3;0;0;X;8;0;0;0;0;0;0;0;0;X;X;5;0;0;0;0;0;0;0;3;5;X;0;0;0;0;0;0;0;4;0;18;0;0;6;0;15;0;0;12;0;6;0;0;0;0;X;0;0;X;0;5;0;0;11;0;12;0;0;X;0;12;0;0;8;0;11;0;2302800
230280010000001;79;28;4;270;0;44;13;X;123;0;35;15;3;147;0;22;15;X;95;0;14;8;9;6;0;X;48;47;0;0;0;X;4;8;9;0;X;4;6;4;0;0;0;X;0;0;X;20;44;30;0;0;0;0;0;18;5;0;53;0;18;5;X;49;0;27;11;X;125;0;16;7;X;43;0;6;0;0;17;0;38;13;X;106;0;6;3;0;21;0;29;12;3;126;0;2302800
230280010000002;9;5;0;71;0;7;4;0;36;0;X;X;0;35;0;6;X;0;24;0;5;X;0;X;0;0;19;5;0;0;0;0;X;3;X;0;0;0;0;X;0;0;0;0;0;0;X;6;10;6;0;0;0;0;0;0;0;0;12;0;X;X;0;18;0;5;X;0;30;0;3;X;0;11;0;0;0;0;X;0;7;4;0;34;0;0;0;0;5;0;X;X;0;30;0;2302800
230280010000003;55;6;0;191;0;27;4;0;100;0;28;X;0;91;0;15;3;0;65;0;9;6;X;X;0;0;37;28;0;0;0;0;4;7;4;0;0;0;3;0;0;0;0;0;0;X;4;22;18;20;0;0;0;0;0;24;X;0;38;0;8;0;0;47;0;16;5;0;76;0;7;0;0;30;0;5;0;0;12;0;22;4;0;88;0;10;0;0;15;0;18;X;0;76;0;2302800
230280010000004;108;7;0;571;0;66;4;0;291;0;42;3;0;280;0;34;6;0;176;0;27;7;4;X;0;0;116;60;0;0;0;4;6;14;10;0;0;X;X;3;0;0;0;0;0;0;14;49;62;51;0;0;0;0;0;37;0;0;154;0;30;0;0;145;0;29;4;0;192;0;12;3;0;80;0;17;0;0;44;0;49;4;0;247;0;16;0;0;57;0;26;3;0;223;0;2302800
230280010000006;41;3;X;137;0;16;X;0;74;0;25;X;X;63;0;13;X;X;59;0;6;7;0;X;0;X;30;29;0;0;0;X;3;X;6;0;0;0;0;X;0;0;0;X;X;0;X;10;30;18;0;0;0;0;0;11;0;0;24;0;13;0;0;29;0;8;0;X;56;0;9;3;X;28;0;X;0;0;8;0;15;X;0;66;0;6;0;0;4;0;19;X;X;59;0;2302800
230280010000008;7;0;0;9;0;X;0;0;5;0;6;0;0;4;0;X;0;0;3;0;X;X;0;0;0;0;3;0;0;0;0;0;X;0;X;0;0;0;0;0;0;0;0;0;0;0;0;X;X;X;0;0;0;0;0;X;0;0;3;0;X;0;0;0;0;X;0;0;5;0;X;0;0;X;0;0;0;0;0;0;X;0;0;5;0;0;0;0;X;0;6;0;0;3;0;2302800
230280010000009;13;X;0;54;0;5;X;0;29;0;8;0;0;25;0;3;0;0;18;0;X;X;0;0;0;0;10;8;0;0;0;0;0;X;X;0;0;0;0;0;0;0;0;0;0;0;0;6;5;7;0;0;0;0;0;4;0;0;9;0;3;0;0;13;0;4;X;0;16;0;X;X;0;16;0;X;0;0;4;0;3;X;0;25;0;X;0;0;X;0;6;0;0;24;0;2302800
230280010000010;5;X;0;54;0;3;0;0;27;0;X;X;0;27;0;X;X;0;15;0;0;X;0;X;0;0;7;8;0;0;0;0;0;X;0;0;0;0;X;0;0;0;0;0;0;0;0;3;7;5;0;0;0;0;0;X;0;0;10;0;X;0;0;16;0;X;X;0;21;0;0;0;0;7;0;X;0;0;X;0;X;0;0;25;0;0;0;0;4;0;X;X;0;23;0;2302800
230280010000011;X;X;X;X;X;X;X;X;X;X;X;X;X;X;X;X;X;X;X;X;X;X;X;X;X;X;X;X;X;X;X;X;X;X;X;X;X;X;X;X;X;X;X;X;X;X;X;X;X;X;X;X;X;X;X;X;X;X;X;X;X;X;X;X;X;X;X;X;X;X;X;X;X;X;X;X;X;X;X;X;X;X;X;X;X;X;X;X;X;X;X;X;X;X;X;2302800
230280011000001;8;X;0;12;0;3;X;0;6;0;5;0;0;6;0;4;X;0;6;0;X;3;X;0;0;0;3;3;0;0;0;0;0;X;X;0;0;0;X;0;0;0;0;0;0;0;0;0;4;X;0;0;0;0;0;X;0;0;0;0;X;0;0;0;0;4;X;0;6;0;X;0;0;6;0;0;0;0;0;0;3;X;0;6;0;X;0;0;0;0;4;0;0;6;0;2302800
230280011000002;48;0;0;266;0;18;0;0;142;0;30;0;0;124;0;24;0;0;91;0;10;14;0;0;0;0;57;34;0;0;0;0;5;5;14;0;0;0;0;0;0;0;0;0;0;X;X;22;38;28;0;0;0;0;0;5;0;0;42;0;4;0;0;56;0;20;0;0;115;0;19;0;0;53;0;X;0;0;13;0;17;0;0;129;0;0;0;0;13;0;30;0;0;111;0;2302800
230280011000004;95;33;X;281;4;45;22;X;151;4;50;11;X;130;0;24;12;X;97;3;17;7;9;3;X;0;72;25;3;0;0;X;6;11;6;0;0;4;X;6;0;0;0;X;0;0;3;24;41;29;0;0;X;X;X;24;4;0;54;X;29;9;X;62;0;32;11;X;118;X;10;9;0;47;X;4;X;0;16;0;41;20;X;135;4;9;0;0;19;0;41;11;X;111;0;2302800
230280011000005;5;X;0;10;0;3;0;0;5;0;X;X;0;5;0;X;X;0;5;0;X;0;0;X;0;0;3;X;0;0;0;0;0;0;X;0;0;0;X;0;0;0;0;0;0;0;0;X;0;4;0;0;0;0;0;0;0;0;X;0;X;0;0;X;0;X;X;0;3;0;X;0;0;5;0;0;0;0;0;0;3;0;0;5;0;0;0;0;X;0;X;X;0;4;0;2302800
230280011000006;94;37;9;212;3;49;19;4;114;X;45;18;5;98;X;25;16;4;72;X;19;6;10;6;X;3;48;24;X;0;0;X;X;12;10;0;X;5;5;5;0;0;X;X;X;0;X;21;29;21;0;0;0;0;X;27;6;0;46;0;21;8;X;46;0;29;16;5;88;X;17;7;3;32;X;11;X;0;16;0;38;18;4;98;X;7;X;0;13;0;38;16;5;85;X;2302800
230280011000007;10;4;0;124;0;4;X;0;65;0;6;3;0;59;0;3;X;0;43;0;X;X;0;X;0;0;22;21;0;0;0;0;0;X;X;0;0;X;0;0;0;0;0;0;0;0;3;12;14;14;0;0;0;0;0;X;3;0;28;0;X;X;0;31;0;5;0;0;42;0;X;0;0;23;0;X;X;0;10;0;3;0;0;55;0;X;X;0;6;0;5;X;0;53;0;2302800
230280011000008;20;6;X;39;0;13;3;0;17;0;7;3;X;22;0;9;4;0;10;0;7;X;X;X;0;0;7;3;0;0;0;0;X;X;7;0;0;0;3;X;0;0;0;0;0;0;0;4;4;X;0;0;0;0;0;4;0;0;13;0;4;0;0;8;0;3;4;X;14;0;9;X;0;4;0;X;0;0;4;0;11;3;0;13;0;0;0;0;5;0;7;3;X;17;0;2302800
230280011000009;3;0;0;198;0;0;0;0;101;0;3;0;0;97;0;0;0;0;71;0;0;0;0;0;0;0;45;26;0;0;0;0;0;0;0;0;0;0;0;0;0;0;0;0;0;0;5;10;26;30;0;0;0;0;0;0;0;0;41;0;X;0;0;45;0;X;0;0;63;0;X;0;0;49;0;0;0;0;13;0;0;0;0;88;0;0;0;0;17;0;3;0;0;80;0;2302800
230280011000010;34;8;X;239;0;10;5;0;131;0;24;3;X;108;0;9;5;X;90;0;5;4;3;X;0;X;66;24;0;0;0;0;3;X;4;0;0;X;X;X;0;0;0;X;0;0;X;10;49;30;0;0;0;0;0;9;0;0;37;0;10;X;0;44;0;9;5;X;107;0;6;X;0;51;0;3;0;0;13;0;7;5;0;118;0;4;0;0;7;0;20;3;X;101;0;2302800
230280011000011;3;0;0;12;0;X;0;0;8;0;X;0;0;4;0;X;0;0;5;0;X;0;0;0;0;0;X;3;0;0;0;0;X;0;0;0;0;0;0;0;0;0;0;0;0;0;0;X;X;X;0;0;0;0;0;X;0;0;4;0;0;0;0;X;0;X;0;0;3;0;0;0;0;3;0;X;0;0;X;0;X;0;0;6;0;0;0;0;0;0;X;0;0;4;0;2302800
230280012000001;59;13;0;257;0;25;7;0;124;0;34;6;0;133;0;18;8;0;89;0;8;10;3;5;0;0;40;49;0;0;0;0;5;6;7;0;0;3;X;4;0;0;0;0;0;0;X;22;30;36;0;0;0;0;0;19;0;0;59;0;12;X;0;44;0;18;6;0;98;0;10;5;0;56;0;4;0;0;17;0;21;7;0;107;0;6;0;0;22;0;28;6;0;111;0;2302800
230280012000002;65;22;0;301;0;37;15;0;158;0;28;7;0;143;0;21;11;0;91;0;15;6;8;3;0;0;43;48;0;0;0;0;3;10;8;0;0;0;3;8;0;0;0;0;0;0;3;26;38;24;0;0;0;0;0;12;4;0;65;0;14;5;0;73;0;20;4;0;115;0;19;9;0;48;0;3;X;0;20;0;34;14;0;138;0;X;0;0;21;0;27;7;0;122;0;2302800
230280012000003;44;17;0;221;0;17;10;0;124;0;27;7;0;97;0;12;11;0;76;0;6;6;7;4;0;0;58;18;0;0;0;0;X;6;4;0;0;4;5;X;0;0;0;0;0;0;X;5;37;33;0;0;0;0;0;9;X;0;30;0;9;3;0;42;0;15;10;0;93;0;11;X;0;56;0;3;X;0;10;0;14;8;0;114;0;X;0;0;10;0;25;7;0;87;0;2302800
230280012000004;58;12;0;221;0;29;8;0;121;0;29;4;0;100;0;17;8;0;73;0;11;6;6;X;0;0;45;28;0;0;0;0;3;6;8;0;0;X;X;5;0;0;0;0;0;0;5;11;32;25;0;0;0;0;0;13;X;0;33;0;13;0;0;43;0;20;4;0;101;0;12;7;0;44;0;4;0;0;5;0;25;8;0;116;0;3;0;0;7;0;26;4;0;93;0;2302800
230280012000005;23;X;X;35;0;13;X;X;18;0;10;0;0;17;0;9;X;X;10;0;8;X;X;0;X;0;8;X;0;0;0;0;4;0;5;0;0;0;0;X;0;0;0;X;0;0;0;3;3;4;0;0;0;0;0;6;0;0;8;0;4;0;0;10;0;6;0;X;12;0;7;X;0;5;0;X;0;0;3;0;12;X;X;15;0;3;0;0;4;0;7;0;0;13;0;2302800
230280012000006;67;19;X;148;X;39;10;X;71;X;28;9;0;77;0;24;7;X;48;X;14;10;X;5;X;0;28;20;X;0;0;X;X;11;10;0;X;X;X;3;0;0;0;0;X;0;3;10;20;15;0;0;X;X;0;14;X;0;34;0;20;6;0;35;0;21;7;0;54;X;12;5;X;25;0;6;0;0;12;0;33;10;X;59;X;3;X;0;13;0;25;8;0;64;0;2302800
230280012000007;65;14;X;260;X;30;8;X;145;X;35;6;0;115;0;17;7;X;85;X;10;7;7;0;X;0;56;29;X;0;0;X;3;3;10;0;0;0;X;5;0;0;0;X;0;X;6;23;37;18;0;0;0;0;X;17;0;0;69;0;13;X;0;58;0;20;6;X;101;0;15;6;0;32;X;5;0;0;27;0;25;8;X;118;X;7;0;0;15;0;28;6;0;100;0;2302800
230280012000008;139;33;6;292;0;69;20;3;130;0;70;13;3;162;0;45;15;4;98;0;27;18;10;5;X;X;54;44;0;0;0;X;8;19;16;0;X;4;5;5;0;0;X;3;0;0;3;28;38;29;0;0;0;0;0;39;4;0;68;0;30;3;X;64;0;49;19;4;110;0;21;7;X;50;0;15;0;0;17;0;54;20;3;113;0;15;X;0;24;0;55;12;3;138;0;2302800
230280012000009;28;8;3;65;X;18;5;3;28;X;10;3;0;37;0;10;3;X;19;0;7;3;X;X;X;0;4;15;0;0;0;0;4;X;5;0;X;0;X;X;0;0;X;0;X;0;X;6;8;3;0;0;0;0;0;8;X;0;18;0;3;3;X;17;X;9;X;X;23;0;8;X;X;7;0;X;X;0;4;0;16;4;3;24;X;X;0;0;7;0;9;3;0;30;0;2302800
230280012000010;52;16;8;99;X;20;12;4;53;0;32;4;4;46;X;18;8;3;31;0;7;11;5;3;3;0;21;10;0;0;0;X;3;8;6;0;0;0;4;4;0;0;X;X;X;0;X;6;15;8;0;0;0;0;0;8;4;X;23;X;13;X;X;19;0;22;6;4;46;0;9;4;X;11;0;4;3;X;10;0;16;9;3;43;0;X;0;0;5;X;30;4;4;41;0;2302800
230280012000011;99;34;15;344;10;43;14;10;179;4;56;20;5;165;6;27;10;5;135;5;18;9;7;3;3;X;76;59;3;X;0;X;6;10;10;0;0;3;X;6;0;X;X;X;0;X;7;39;47;41;0;X;X;0;X;19;7;5;81;X;28;7;3;79;3;33;10;7;119;3;19;10;0;65;3;7;X;3;34;0;36;12;7;145;4;4;3;X;21;0;52;17;4;144;6;2302800
230280013000001;21;11;X;86;0;11;6;0;43;0;10;5;X;43;0;10;6;X;32;0;8;X;4;X;0;X;15;17;0;0;0;0;X;X;6;0;0;0;5;X;0;0;0;X;0;0;X;7;10;14;0;0;0;0;0;3;X;0;20;0;3;X;0;10;0;7;7;X;33;0;8;X;0;23;0;X;X;0;6;0;10;5;0;37;0;0;X;0;7;0;10;4;X;36;0;2302800
230280013000002;109;93;3;382;0;60;57;X;191;0;49;36;X;191;0;33;36;3;132;0;24;9;28;8;X;X;79;53;0;0;0;X;5;19;7;0;X;4;16;15;0;0;X;X;0;0;10;33;61;28;0;0;0;0;0;25;7;0;95;0;21;19;X;79;0;47;40;X;149;0;16;27;0;59;0;9;6;0;30;0;51;51;X;161;0;10;0;0;31;0;39;36;X;160;0;2302800
230280013000003;43;16;X;159;0;20;13;0;81;0;23;3;X;78;0;16;10;0;59;0;9;7;9;X;0;0;38;21;0;0;0;X;3;4;8;0;X;0;6;X;0;0;0;0;0;0;3;12;21;23;0;0;0;0;0;9;0;0;29;0;8;6;0;36;0;17;8;X;54;0;9;X;0;40;0;3;0;0;9;0;17;13;0;72;0;3;0;0;11;0;20;3;X;67;0;2302800
230280013000004;44;12;4;176;0;22;8;X;84;0;22;4;X;92;0;14;7;X;56;0;9;5;6;X;X;0;39;17;0;0;0;X;4;4;5;0;0;X;4;X;0;0;X;X;0;0;3;11;18;24;0;0;0;0;0;10;X;0;40;0;13;3;X;43;0;16;5;X;55;0;5;3;0;38;0;3;0;0;15;0;19;8;X;69;0;X;0;0;17;0;21;4;X;75;0;2302800
230280013000005;66;26;X;242;X;36;14;X;119;X;30;12;0;123;0;27;14;0;87;0;18;9;8;6;0;0;47;40;0;0;0;X;4;14;7;0;0;3;7;4;0;0;0;0;0;0;5;25;34;23;0;0;0;0;0;17;X;0;55;0;11;4;0;45;X;28;14;X;98;0;10;6;0;44;0;5;0;0;13;0;31;14;X;106;X;4;X;0;18;0;26;11;0;105;0;2302800
230280015000001;17;7;0;79;0;8;5;0;40;0;9;X;0;39;0;7;5;0;23;0;5;X;4;X;0;0;14;9;0;0;0;0;0;3;4;0;0;X;X;X;0;0;0;0;0;0;X;5;10;7;0;0;0;0;0;5;X;0;17;0;X;0;0;16;0;4;4;0;34;0;6;X;0;12;0;X;X;0;5;0;6;4;0;35;0;X;0;0;X;0;8;X;0;37;0;2302800
230280015000002;27;14;0;105;0;13;6;0;58;0;14;8;0;47;0;7;7;0;37;0;5;X;4;3;0;0;30;7;0;0;0;0;0;X;5;0;0;X;3;3;0;0;0;0;0;0;0;6;14;17;0;0;0;0;0;7;X;0;18;0;5;X;0;19;0;7;5;0;43;0;8;5;0;25;0;4;0;0;6;0;9;6;0;52;0;3;X;0;3;0;11;6;0;44;0;2302800
230280015000003;82;66;X;296;0;32;44;0;142;0;50;22;X;154;0;24;34;X;100;0;13;11;24;10;0;X;57;43;0;0;0;X;4;10;9;0;X;3;13;16;0;0;0;0;X;X;3;31;38;26;0;0;0;0;0;24;8;0;69;0;12;16;0;70;0;25;21;0;114;0;21;21;X;43;0;X;X;0;17;0;30;42;0;125;0;12;X;0;23;0;38;21;X;131;0;2302800
230280017000001;55;33;0;140;8;24;21;0;65;3;31;12;0;75;5;25;13;0;50;3;13;12;7;6;0;0;21;29;X;X;0;0;3;13;9;0;0;0;7;6;0;0;0;0;0;0;0;16;18;16;0;X;X;0;0;9;3;0;26;3;8;4;0;29;4;21;17;0;61;X;17;9;0;24;0;4;0;0;9;0;20;21;0;56;3;3;X;0;9;X;28;10;0;66;3;2302800
230280017000002;7;0;0;555;0;4;0;0;283;0;3;0;0;272;0;3;0;0;165;0;X;X;0;0;0;0;99;66;0;0;0;0;X;0;X;0;0;0;0;0;0;0;0;0;0;0;5;47;60;53;0;0;0;0;0;4;0;0;144;0;0;0;0;121;0;X;0;0;202;0;X;0;0;88;0;X;0;0;39;0;X;0;0;244;0;X;0;0;48;0;X;0;0;224;0;2302800
230280017000003;5;X;0;23;0;3;X;0;12;0;X;X;0;11;0;X;X;0;10;0;X;0;X;X;0;0;6;4;0;0;0;0;0;0;X;0;0;0;X;X;0;0;0;0;0;0;0;3;4;3;0;0;0;0;0;3;0;0;4;0;0;0;0;4;0;0;X;0;12;0;X;X;0;3;0;X;0;0;0;0;X;X;0;12;0;0;0;0;3;0;X;X;0;8;0;2302800
230280017000005;4;5;0;27;0;X;4;0;14;0;X;X;0;13;0;0;X;0;13;0;0;0;X;X;0;0;7;6;0;0;0;0;0;0;0;0;0;0;X;0;0;0;0;0;0;0;X;3;5;4;0;0;0;0;0;X;X;0;6;0;X;0;0;3;0;X;4;0;12;0;0;0;0;6;0;0;X;0;3;0;X;3;0;11;0;X;0;0;X;0;0;X;0;12;0;2302800
230280017000006;X;X;X;X;X;X;X;X;X;X;X;X;X;X;X;X;X;X;X;X;X;X;X;X;X;X;X;X;X;X;X;X;X;X;X;X;X;X;X;X;X;X;X;X;X;X;X;X;X;X;X;X;X;X;X;X;X;X;X;X;X;X;X;X;X;X;X;X;X;X;X;X;X;X;X;X;X;X;X;X;X;X;X;X;X;X;X;X;X;X;X;X;X;X;X;2302800
230280017000007;34;19;0;105;0;16;12;0;49;0;18;7;0;56;0;9;12;0;36;0;X;7;8;4;0;0;15;21;0;0;0;X;X;5;X;0;X;X;7;3;0;0;0;0;0;0;X;5;15;15;0;0;0;0;0;8;X;0;17;0;12;X;0;26;0;12;12;0;34;0;X;3;0;28;0;3;0;0;3;0;13;12;0;46;0;3;X;0;3;0;15;6;0;53;0;2302800
230280017000008;51;29;0;106;3;25;16;0;55;X;26;13;0;51;X;16;16;0;39;X;8;8;10;6;0;0;22;17;0;X;0;X;5;3;7;0;0;4;5;7;0;0;0;0;0;0;0;13;12;14;0;0;0;0;X;13;3;0;20;X;13;3;0;22;0;16;12;0;46;X;9;11;0;18;X;5;X;0;7;0;20;15;0;48;X;4;X;0;5;0;22;12;0;46;X;2302800
230280020000001;13;0;0;66;0;7;0;0;29;0;6;0;0;37;0;5;0;0;22;0;X;3;0;0;0;0;6;16;0;0;0;0;X;3;X;0;0;0;0;0;0;0;0;0;0;0;0;7;7;8;0;0;0;0;0;X;0;0;13;0;X;0;0;13;0;7;0;0;26;0;X;0;0;14;0;0;0;0;5;0;7;0;0;24;0;0;0;0;4;0;6;0;0;33;0;2302800
230280020000004;35;14;0;152;0;14;8;0;87;0;21;6;0;65;0;11;8;0;47;0;4;7;6;X;0;0;29;18;0;0;0;0;3;X;6;0;0;3;X;3;0;0;0;0;0;0;3;5;24;15;0;0;0;0;0;7;X;0;38;0;9;X;0;33;0;11;6;0;55;0;8;4;0;26;0;X;0;0;12;0;13;8;0;75;0;3;X;0;9;0;18;5;0;56;0;2302800
230280025000001;92;16;0;285;X;46;10;0;143;X;46;6;0;142;0;30;7;0;97;X;11;19;4;3;0;0;24;73;X;0;0;X;6;10;13;0;0;X;X;3;0;0;0;0;0;X;5;20;40;31;0;0;0;0;X;18;3;0;68;0;21;X;0;56;0;28;8;0;107;0;25;3;0;54;X;8;X;0;21;0;38;9;0;122;X;6;X;0;15;0;40;5;0;127;0;2302800
230280025000002;110;10;0;530;0;59;9;0;271;0;51;X;0;259;0;25;3;0;198;0;10;15;X;X;0;0;82;116;0;0;0;X;9;8;7;0;0;X;X;0;0;0;0;0;0;0;14;61;66;57;0;0;0;0;0;36;X;0;111;0;22;3;0;122;0;38;6;0;205;0;14;0;0;92;0;9;X;0;39;0;50;8;0;232;0;11;0;0;38;0;40;X;0;221;0;2302800
230280025000004;178;36;X;364;3;93;27;X;198;X;85;9;X;166;X;52;17;X;123;X;34;18;15;X;X;0;78;45;X;0;0;3;9;21;19;0;X;9;X;6;0;0;0;X;0;0;8;39;49;27;0;0;0;0;X;55;4;0;87;0;34;9;0;107;0;59;15;X;127;X;30;8;0;43;X;21;X;0;32;0;72;25;X;166;X;17;X;0;29;0;68;8;X;137;X;2302800
230280025000005;5;3;0;69;0;X;3;0;35;0;4;0;0;34;0;X;X;0;20;0;0;X;X;0;0;0;16;4;0;0;0;0;X;X;0;0;0;0;X;X;0;0;0;0;0;0;X;10;5;4;0;0;0;0;0;X;X;0;20;0;X;0;0;15;0;X;X;0;29;0;0;X;0;5;0;0;X;0;6;0;X;X;0;29;0;X;0;0;9;0;3;0;0;25;0;2302800
230280025000007;21;4;0;196;0;13;3;0;105;0;8;X;0;91;0;6;X;0;69;0;3;3;X;0;0;0;32;37;0;0;0;0;X;X;X;0;0;X;X;0;0;0;0;0;0;0;4;21;27;17;0;0;0;0;0;5;0;0;44;0;4;X;0;42;0;8;3;0;79;0;4;0;0;31;0;X;0;0;18;0;11;3;0;87;0;0;0;0;11;0;8;X;0;80;0;2302800
230280025000008;32;7;0;131;0;16;5;0;73;0;16;X;0;58;0;11;3;0;49;0;8;3;X;X;0;0;30;19;0;0;0;X;0;7;3;0;0;X;X;X;0;0;0;0;0;0;X;15;16;17;0;0;0;0;0;5;X;0;25;0;10;X;0;28;0;13;3;0;54;0;4;X;0;24;0;X;X;0;12;0;14;4;0;61;0;X;0;0;6;0;14;X;0;52;0;2302800
230280030000001;156;36;X;384;0;67;22;0;183;0;89;14;X;201;0;42;16;0;135;0;23;19;10;6;0;0;67;68;0;0;0;0;11;17;14;0;0;3;4;9;0;0;0;0;0;0;7;43;47;38;0;0;0;0;0;50;4;0;95;0;36;5;0;80;0;44;15;0;147;0;26;12;X;62;0;15;X;0;31;0;52;21;0;152;0;18;X;0;25;0;71;12;X;176;0;2302800
230280030000002;56;16;X;163;0;31;6;0;85;0;25;10;X;78;0;16;7;0;60;0;13;3;4;3;0;0;35;25;0;0;0;0;5;5;6;0;0;X;0;6;0;0;0;0;0;0;0;15;20;25;0;0;0;0;0;14;X;0;34;0;13;3;0;30;0;17;4;0;59;0;12;8;X;40;0;X;0;0;10;0;29;6;0;75;0;7;X;0;6;0;18;9;X;72;0;2302800
230280030000003;87;32;X;340;0;44;18;0;189;0;43;14;X;151;0;21;17;0;118;0;17;4;12;5;0;0;83;35;0;0;0;0;X;6;14;0;X;X;8;7;0;0;0;0;0;0;8;16;56;38;0;0;0;0;0;20;X;0;64;0;18;7;0;70;0;25;14;X;145;0;24;9;0;61;0;6;0;0;19;0;38;18;0;170;0;9;0;0;19;0;34;14;X;132;0;2302800
230280030000004;65;18;X;361;0;32;12;X;193;0;33;6;X;168;0;14;10;X;121;0;9;5;8;X;X;0;98;23;0;0;0;0;X;6;6;0;0;3;3;4;0;0;0;0;X;0;4;23;60;34;0;0;0;0;0;19;0;0;73;0;12;4;0;94;0;21;10;X;139;0;13;4;X;55;0;4;0;0;17;0;28;12;X;176;0;6;0;0;25;0;27;6;X;143;0;2302800
230280030000005;23;7;X;433;96;11;5;X;225;51;12;X;0;208;45;7;X;X;144;32;6;X;X;X;X;0;86;58;23;9;0;0;X;3;X;0;0;X;X;0;0;0;0;X;0;0;6;38;45;55;0;0;8;18;6;5;X;0;81;22;5;X;0;114;16;8;3;X;154;45;5;X;0;84;13;X;0;0;29;4;10;5;X;196;47;3;0;0;18;8;9;X;0;190;37;2302800
230280030000006;49;8;0;279;5;23;6;0;154;4;26;X;0;125;X;11;6;0;88;X;9;X;6;0;0;0;67;21;0;X;0;X;5;3;X;0;0;0;4;X;0;0;0;0;0;0;4;25;36;23;0;X;0;0;0;19;0;0;52;0;13;0;0;75;X;14;6;0;116;X;3;X;0;36;X;9;0;0;19;0;14;6;0;135;4;6;0;0;12;0;20;X;0;113;X;2302800
230280030000007;50;19;0;206;0;22;10;0;106;0;28;9;0;100;0;9;10;0;62;0;7;X;7;3;0;0;50;12;0;0;0;0;X;6;X;0;X;X;3;4;0;0;0;0;0;0;X;18;26;16;0;0;0;0;0;14;X;0;59;0;13;X;0;54;0;19;8;0;69;0;4;7;0;24;0;6;X;0;20;0;16;9;0;86;0;X;X;0;16;0;26;8;0;84;0;2302800
230280030000008;36;8;0;228;0;17;5;0;126;0;19;3;0;102;0;7;6;0;83;0;7;0;4;X;0;0;56;27;0;0;0;0;3;X;X;0;0;X;X;X;0;0;0;0;0;X;X;20;38;22;0;0;0;0;0;14;0;0;37;0;7;0;0;55;0;10;6;0;92;0;5;X;0;44;0;4;0;0;15;0;13;5;0;111;0;8;0;0;6;0;11;3;0;96;0;2302800
230280030000009;7;3;0;55;0;4;X;0;33;0;3;X;0;22;0;X;X;0;18;0;0;X;X;0;0;0;10;8;0;0;0;0;0;X;0;0;0;0;0;X;0;0;0;0;0;0;0;3;8;7;0;0;0;0;0;X;0;0;14;0;X;0;0;10;0;3;X;0;19;0;0;X;0;12;0;0;0;0;9;0;4;X;0;24;0;X;0;0;X;0;X;X;0;21;0;2302800
230280035000001;130;67;0;556;0;65;38;0;285;0;65;29;0;271;0;36;21;0;192;0;12;24;10;11;0;0;76;116;0;0;0;3;10;11;12;0;X;8;5;7;0;0;0;0;0;X;16;62;70;43;0;0;0;0;0;42;12;0;143;0;29;15;0;134;0;44;27;0;208;0;15;13;0;71;0;16;5;0;47;0;49;33;0;238;0;11;3;0;48;0;54;26;0;223;0;2302800
230280035000004;72;3;0;272;0;39;X;0;136;0;33;X;0;136;0;14;X;0;93;0;9;5;X;0;0;0;58;35;0;0;0;0;X;7;5;0;0;0;X;X;0;0;0;0;0;0;X;21;35;35;0;0;0;0;0;20;0;0;49;0;23;0;0;59;0;22;X;0;113;0;7;X;0;51;0;6;0;0;13;0;33;X;0;123;0;6;0;0;20;0;27;X;0;116;0;2302800
230280035000006;15;20;X;59;0;7;10;0;29;0;8;10;X;30;0;8;7;0;23;0;5;3;4;3;0;0;15;8;0;0;0;0;0;4;4;0;0;X;3;3;0;0;0;0;0;0;X;4;13;5;0;0;0;0;0;X;3;0;11;0;0;4;X;9;0;9;8;0;31;0;5;5;0;8;0;X;X;0;X;0;6;9;0;28;0;0;0;0;5;0;8;10;X;25;0;2302800
230280035000008;85;12;0;271;0;41;6;0;151;0;44;6;0;120;0;24;5;0;97;0;21;3;5;0;0;0;78;19;0;0;0;X;3;7;13;0;X;X;X;X;0;0;0;0;0;0;4;12;44;37;0;0;0;0;0;18;X;0;53;0;21;6;0;37;0;27;4;0;111;0;19;X;0;70;0;7;0;0;18;0;34;6;0;133;0;5;X;0;14;0;39;5;0;106;0;2302800
230280035000014;33;11;0;384;0;16;10;0;205;0;17;X;0;179;0;7;5;0;106;0;6;X;5;0;0;0;77;29;0;0;0;0;4;X;X;0;0;X;3;X;0;0;0;0;0;0;4;25;41;36;0;0;0;0;0;13;0;0;99;0;9;3;0;109;0;7;6;0;123;0;4;X;0;53;0;5;0;0;30;0;11;10;0;175;0;7;0;0;22;0;10;X;0;157;0;2302800
230280035000015;33;23;0;110;0;12;13;0;55;0;21;10;0;55;0;10;8;0;32;0;6;4;4;4;0;0;21;11;0;0;0;0;X;X;6;0;0;X;5;X;0;0;0;0;0;0;X;8;12;10;0;0;0;0;0;7;3;0;31;0;9;3;0;19;0;9;12;0;41;0;8;5;0;19;0;0;X;0;7;0;12;12;0;48;0;5;0;0;12;0;16;10;0;43;0;2302800
230280035000016;36;X;0;134;0;23;X;0;79;0;13;X;0;55;0;12;X;0;49;0;12;0;X;0;0;0;40;9;0;0;0;X;3;X;6;0;0;0;0;X;0;0;0;0;0;0;X;8;22;17;0;0;0;0;0;12;0;0;23;0;8;X;0;34;0;8;0;0;51;0;8;X;0;26;0;5;0;0;11;0;18;X;0;68;0;4;0;0;X;0;9;X;0;54;0;2302800
230280035000018;81;21;0;180;0;46;10;0;88;0;35;11;0;92;0;33;11;0;55;0;21;12;6;5;0;0;28;27;0;0;0;0;6;14;13;0;X;4;3;X;0;0;0;0;0;0;4;20;21;10;0;0;0;0;0;19;3;0;49;0;17;7;0;32;0;28;7;0;79;0;17;4;0;20;0;5;X;0;12;0;41;9;0;76;0;6;X;0;21;0;29;9;0;71;0;2302800
230280035000019;53;19;0;548;0;28;16;0;293;0;25;3;0;255;0;11;4;0;181;0;7;4;3;X;0;0;107;74;0;0;0;0;5;5;X;0;0;X;3;0;0;0;0;0;0;0;8;40;76;57;0;0;0;0;0;16;X;0;136;0;15;8;0;107;0;17;7;0;209;0;5;X;0;96;0;9;X;0;50;0;19;15;0;243;0;4;0;0;40;0;21;3;0;215;0;2302800
230280035000020;23;24;0;147;0;13;15;0;74;0;10;9;0;73;0;8;11;0;45;0;7;X;8;3;0;0;32;13;0;0;0;0;X;5;X;0;0;X;5;4;0;0;0;0;0;0;0;14;15;16;0;0;0;0;0;4;3;0;35;0;5;5;0;35;0;10;10;0;48;0;4;6;0;29;0;X;X;0;7;0;12;13;0;67;0;X;0;0;13;0;9;9;0;60;0;2302800
230280035000021;27;3;0;171;0;10;X;0;91;0;17;X;0;80;0;6;X;0;56;0;4;X;X;0;0;0;26;30;0;0;0;0;X;4;X;0;0;X;0;0;0;0;0;0;0;0;0;22;20;14;0;0;0;0;0;11;X;0;49;0;4;X;0;28;0;9;X;0;67;0;3;0;0;27;0;4;0;0;18;0;6;X;0;73;0;4;X;0;12;0;13;0;0;68;0;2302800
230280040000001;87;21;0;211;0;44;10;0;111;0;43;11;0;100;0;31;7;0;81;0;16;15;X;6;0;0;38;43;0;0;0;3;3;15;10;0;0;X;3;3;0;0;0;0;0;0;5;19;30;27;0;0;0;0;0;13;X;0;35;0;18;7;0;44;0;37;8;0;84;0;19;4;0;48;0;5;0;0;12;0;39;10;0;99;0;5;X;0;9;0;38;10;0;91;0;2302800
230280040000002;24;13;0;99;0;11;9;0;46;0;13;4;0;53;0;6;9;0;39;0;5;X;6;3;0;0;19;20;0;0;0;0;3;3;0;0;0;X;6;X;0;0;0;0;0;0;3;7;17;12;0;0;0;0;0;5;0;0;19;0;6;X;0;20;0;10;9;0;42;0;3;X;0;18;0;X;0;0;6;0;9;9;0;40;0;X;0;0;3;0;11;4;0;50;0;2302800
230280040000003;24;22;4;70;X;14;16;X;38;X;10;6;X;32;0;8;15;X;28;X;6;X;14;X;X;0;19;9;X;0;0;0;0;X;6;0;X;X;6;6;0;0;X;0;X;X;4;3;11;8;0;0;0;0;X;4;X;0;12;0;8;3;X;16;0;5;11;X;25;0;7;6;X;17;X;X;0;0;4;0;12;16;X;34;X;X;X;0;3;0;8;5;X;29;0;2302800
230280040000004;13;14;X;50;0;7;7;X;29;0;6;7;0;21;0;9;4;X;15;0;7;X;3;X;X;0;10;5;0;0;0;X;0;4;4;0;0;X;0;3;0;0;0;0;X;0;X;8;X;4;0;0;0;0;0;0;X;0;11;0;X;3;0;7;0;7;5;0;23;0;4;5;X;9;0;0;0;0;7;0;7;7;X;22;0;0;X;0;X;0;6;6;0;19;0;2302800
230280040000008;63;22;X;340;0;34;15;X;173;0;29;7;X;167;0;23;11;X;118;0;18;5;9;X;X;0;87;31;0;0;0;X;6;9;7;0;0;0;4;7;0;0;0;0;X;X;8;31;42;36;0;0;0;0;0;17;X;0;74;0;10;3;X;66;0;25;9;0;142;0;11;9;X;58;0;4;X;0;21;0;30;14;X;152;0;5;0;0;26;0;24;7;X;141;0;2302800
230280040000009;46;21;0;117;0;24;11;0;58;0;22;10;0;59;0;13;8;0;49;0;7;6;4;4;0;0;31;18;0;0;0;X;X;5;6;0;0;0;3;5;0;0;0;0;0;0;X;13;17;17;0;0;0;0;0;14;3;0;14;0;5;3;0;24;0;15;7;0;54;0;12;8;0;25;0;4;X;0;0;0;20;10;0;58;0;6;X;0;8;0;16;9;0;51;0;2302800
230280040000010;18;3;4;90;0;8;X;X;56;0;10;X;3;34;0;5;X;X;40;0;X;4;X;0;0;X;30;10;0;0;0;0;X;X;3;0;0;0;X;0;0;0;0;X;0;0;4;7;17;12;0;0;0;0;0;3;0;X;19;0;5;X;X;21;0;7;X;X;37;0;3;0;X;13;0;X;0;0;6;0;7;X;X;50;0;X;0;X;7;0;9;X;X;27;0;2302800
